Specification,Category,Task ID,Description,Status,Parallelizable,Estimate (Days)
001-fataplus-agritech-platform,Infrastructure Setup,T001,Set up repository structure with 4 main projects (web-frontend, web-backend, mobile-app, ai-services),Completed,No,,
001-fataplus-agritech-platform,Infrastructure Setup,T002,Initialize GitHub repository with protected main branch and feature branch workflow,Completed,No,,
001-fataplus-agritech-platform,Infrastructure Setup,T003,Set up CI/CD pipeline with GitHub Actions for all services,Completed,Yes,,
001-fataplus-agritech-platform,Infrastructure Setup,T004,Configure Docker containers for all services with multi-stage builds,Completed,Yes,,
001-fataplus-agritech-platform,Infrastructure Setup,T005,Set up Kubernetes manifests for staging and production environments,Pending,Yes,,
001-fataplus-agritech-platform,Infrastructure Setup,T006,Configure PostgreSQL database with PostGIS extension for spatial data,Completed,No,,
001-fataplus-agritech-platform,Infrastructure Setup,T007,Set up Redis clusters for caching and session management,Completed,Yes,,
001-fataplus-agritech-platform,Infrastructure Setup,T008,Configure MinIO for file storage and CDN integration,Completed,Yes,,
001-fataplus-agritech-platform,Infrastructure Setup,T009,Set up monitoring stack (Prometheus, Grafana, ELK) with African regional endpoints,Pending,No,,
001-fataplus-agritech-platform,Infrastructure Setup,T010,Configure domain and SSL certificates for multi-region deployment,Pending,Yes,,
001-fataplus-agritech-platform,Infrastructure Setup,T011,Set up development environment with hot reload for all services,Completed,No,,
001-fataplus-agritech-platform,Infrastructure Setup,T012,Configure environment-specific configuration management,Pending,Yes,,
001-fataplus-agritech-platform,Infrastructure Setup,T013,Set up database migration system with rollback capabilities,Pending,No,,
001-fataplus-agritech-platform,Infrastructure Setup,T014,Initialize logging and tracing infrastructure (Winston, OpenTelemetry),Pending,Yes,,
001-fataplus-agritech-platform,Infrastructure Setup,T015,Configure backup and disaster recovery systems,Pending,No,,
001-fataplus-agritech-platform,Database & Core Models,T016,Create PostgreSQL schema with all entities from data-model.md,Pending,No,,
001-fataplus-agritech-platform,Database & Core Models,T017,Implement database migrations with versioning and rollback,Pending,Yes,,
001-fataplus-agritech-platform,Database & Core Models,T018,Create organization management models (users, roles, permissions),Pending,Yes,,
001-fataplus-agritech-platform,Database & Core Models,T019,Implement farm and agricultural entity models (crops, livestock, equipment),Pending,Yes,,
001-fataplus-agritech-platform,Database & Core Models,T020,Build context management models (contexts, instances, configurations),Pending,Yes,,
001-fataplus-agritech-platform,Database & Core Models,T021,Create market system models (products, listings, transactions),Pending,Yes,,
001-fataplus-agritech-platform,Database & Core Models,T022,Implement learning system models (courses, progress, achievements),Pending,Yes,,
001-fataplus-agritech-platform,Database & Core Models,T023,Set up data synchronization models for offline-first architecture,Pending,Yes,,
001-fataplus-agritech-platform,Database & Core Models,T024,Create audit logging models for compliance and security,Pending,Yes,,
001-fataplus-agritech-platform,Database & Core Models,T025,Configure database indexes and performance optimization,Pending,No,,
001-fataplus-agritech-platform,Database & Core Models,T026,Implement database connection pooling and health checks,Pending,Yes,,
001-fataplus-agritech-platform,Authentication & Security,T027,Design and implement multi-tenant authentication system,Pending,No,,
001-fataplus-agritech-platform,Authentication & Security,T028,Create JWT-based API authentication with refresh tokens,Pending,Yes,,
001-fataplus-agritech-platform,Authentication & Security,T029,Implement role-based access control (RBAC) system,Pending,Yes,,
001-fataplus-agritech-platform,Authentication & Security,T030,Build biometric authentication for mobile devices,Pending,Yes,,
001-fataplus-agritech-platform,Authentication & Security,T031,Set up OAuth2 integration for external services,Pending,Yes,,
001-fataplus-agritech-platform,Authentication & Security,T032,Implement API rate limiting and abuse protection,Pending,Yes,,
001-fataplus-agritech-platform,Authentication & Security,T033,Create data encryption at rest and in transit,Pending,Yes,,
001-fataplus-agritech-platform,Authentication & Security,T034,Build audit logging for security events,Pending,Yes,,
001-fataplus-agritech-platform,Authentication & Security,T035,Configure CORS and security headers for web applications,Pending,No,,
001-fataplus-agritech-platform,Authentication & Security,T036,Implement session management with Redis,Pending,Yes,,
001-fataplus-agritech-platform,Authentication & Security,T037,Create user registration and verification flows,Pending,No,,
001-fataplus-agritech-platform,Authentication & Security,T038,Build password reset and account recovery systems,Pending,Yes,,
001-fataplus-agritech-platform,Core API Development - Users,T039,Create contract tests for GET /users endpoint,Pending,Yes,,
001-fataplus-agritech-platform,Core API Development - Users,T040,Create contract tests for POST /users endpoint,Pending,Yes,,
001-fataplus-agritech-platform,Core API Development - Users,T041,Create contract tests for PUT /users/{user_id} endpoint,Pending,Yes,,
001-fataplus-agritech-platform,Core API Development - Users,T042,Create contract tests for DELETE /users/{user_id} endpoint,Pending,Yes,,
001-fataplus-agritech-platform,Core API Development - Users,T043,Create contract tests for POST /users/{user_id}/roles endpoint,Pending,Yes,,
001-fataplus-agritech-platform,Core API Development - Users,T044,Implement users API routes in web-backend/src/routes/users.py,Pending,No,,
001-fataplus-agritech-platform,Core API Development - Users,T045,Implement user CRUD operations with validation,Pending,Yes,,
001-fataplus-agritech-platform,Core API Development - Users,T046,Build role assignment and permission management,Pending,Yes,,
001-fataplus-agritech-platform,Core API Development - Users,T047,Create user service layer with business logic,Pending,No,,
001-fataplus-agritech-platform,Core API Development - Users,T048,Implement user search and filtering capabilities,Pending,Yes,,
001-fataplus-agritech-platform,Core API Development - Farms,T049,Create contract tests for GET /farms endpoint,Pending,Yes,,
001-fataplus-agritech-platform,Core API Development - Farms,T050,Create contract tests for POST /farms endpoint,Pending,Yes,,
001-fataplus-agritech-platform,Core API Development - Farms,T051,Create contract tests for GET /farms/{farm_id} endpoint,Pending,Yes,,
001-fataplus-agritech-platform,Core API Development - Farms,T052,Create contract tests for PUT /farms/{farm_id} endpoint,Pending,Yes,,
001-fataplus-agritech-platform,Core API Development - Farms,T053,Create contract tests for GET /farms/{farm_id}/crops endpoint,Pending,Yes,,
001-fataplus-agritech-platform,Core API Development - Farms,T054,Create contract tests for POST /farms/{farm_id}/crops endpoint,Pending,Yes,,
001-fataplus-agritech-platform,Core API Development - Farms,T055,Create contract tests for GET /farms/{farm_id}/livestock endpoint,Pending,Yes,,
001-fataplus-agritech-platform,Core API Development - Farms,T056,Create contract tests for POST /farms/{farm_id}/livestock endpoint,Pending,Yes,,
001-fataplus-agritech-platform,Core API Development - Farms,T057,Implement farms API routes in web-backend/src/routes/farms.py,Pending,No,,
001-fataplus-agritech-platform,Core API Development - Farms,T058,Build farm CRUD operations with geospatial support,Pending,Yes,,
001-fataplus-agritech-platform,Core API Development - Farms,T059,Implement crop management with growth tracking,Pending,Yes,,
001-fataplus-agritech-platform,Core API Development - Farms,T060,Create livestock management with health monitoring,Pending,Yes,,
001-fataplus-agritech-platform,Core API Development - Farms,T061,Build equipment tracking and maintenance scheduling,Pending,No,,
001-fataplus-agritech-platform,Core API Development - Contexts,T062,Create contract tests for GET /contexts endpoint,Pending,Yes,,
001-fataplus-agritech-platform,Core API Development - Contexts,T063,Create contract tests for POST /contexts endpoint,Pending,Yes,,
001-fataplus-agritech-platform,Core API Development - Contexts,T064,Create contract tests for GET /contexts/{context_id} endpoint,Pending,Yes,,
001-fataplus-agritech-platform,Core API Development - Contexts,T065,Create contract tests for PUT /contexts/{context_id} endpoint,Pending,Yes,,
001-fataplus-agritech-platform,Core API Development - Contexts,T066,Create contract tests for DELETE /contexts/{context_id} endpoint,Pending,Yes,,
001-fataplus-agritech-platform,Core API Development - Contexts,T067,Create contract tests for GET /contexts/{context_id}/instances endpoint,Pending,Yes,,
001-fataplus-agritech-platform,Core API Development - Contexts,T068,Create contract tests for POST /contexts/{context_id}/instances endpoint,Pending,Yes,,
001-fataplus-agritech-platform,Core API Development - Contexts,T069,Create contract tests for GET /contexts/{context_id}/data endpoint,Pending,Yes,,
001-fataplus-agritech-platform,Core API Development - Contexts,T070,Create contract tests for POST /contexts/{context_id}/data endpoint,Pending,Yes,,
001-fataplus-agritech-platform,Core API Development - Contexts,T071,Implement contexts API routes in web-backend/src/routes/contexts.py,Pending,No,,
001-fataplus-agritech-platform,Core API Development - Contexts,T072,Build context CRUD operations with configuration management,Pending,Yes,,
001-fataplus-agritech-platform,Core API Development - Contexts,T073,Implement context instance lifecycle management,Pending,Yes,,
001-fataplus-agritech-platform,Core API Development - Contexts,T074,Create context data ingestion and retrieval system,Pending,Yes,,
001-fataplus-agritech-platform,Core API Development - Contexts,T075,Build context marketplace and discovery features,Pending,No,,
001-fataplus-agritech-platform,Context Implementations - Weather,T076,Build weather data ingestion from multiple APIs (Meteo France, local services),Pending,Yes,,
001-fataplus-agritech-platform,Context Implementations - Weather,T077,Implement weather prediction models with local refinement,Pending,Yes,,
001-fataplus-agritech-platform,Context Implementations - Weather,T078,Create weather alert system with SMS integration,Pending,Yes,,
001-fataplus-agritech-platform,Context Implementations - Weather,T079,Build weather-based recommendation engine,Pending,Yes,,
001-fataplus-agritech-platform,Context Implementations - Weather,T080,Develop offline weather data caching,Pending,Yes,,
001-fataplus-agritech-platform,Context Implementations - Livestock Health,T081,Implement animal health monitoring and disease detection,Pending,Yes,,
001-fataplus-agritech-platform,Context Implementations - Livestock Health,T082,Build vaccination schedule management,Pending,Yes,,
001-fataplus-agritech-platform,Context Implementations - Livestock Health,T083,Create veterinary service integration,Pending,Yes,,
001-fataplus-agritech-platform,Context Implementations - Livestock Health,T084,Develop livestock performance analytics,Pending,Yes,,
001-fataplus-agritech-platform,Context Implementations - Livestock Health,T085,Build mobile health data collection,Pending,Yes,,
001-fataplus-agritech-platform,Context Implementations - Market,T086,Integrate with agricultural commodity exchanges,Pending,Yes,,
001-fataplus-agritech-platform,Context Implementations - Market,T087,Build real-time price tracking system,Pending,Yes,,
001-fataplus-agritech-platform,Context Implementations - Market,T088,Implement buyer-seller matching algorithms,Pending,Yes,,
001-fataplus-agritech-platform,Context Implementations - Market,T089,Create transaction processing with mobile money,Pending,Yes,,
001-fataplus-agritech-platform,Context Implementations - Market,T090,Develop market intelligence and forecasting,Pending,Yes,,
001-fataplus-agritech-platform,Context Implementations - Gamification,T091,Build achievement and badge system,Pending,Yes,,
001-fataplus-agritech-platform,Context Implementations - Gamification,T092,Implement point calculation and rewards,Pending,Yes,,
001-fataplus-agritech-platform,Context Implementations - Gamification,T093,Create progress tracking and certifications,Pending,Yes,,
001-fataplus-agritech-platform,Context Implementations - Gamification,T094,Develop social learning features,Pending,Yes,,
001-fataplus-agritech-platform,Context Implementations - Gamification,T095,Build leaderboard and competition systems,Pending,Yes,,
001-fataplus-agritech-platform,Frontend Development - Web,T096,Set up Next.js project with TypeScript and Tailwind CSS,Pending,No,,
001-fataplus-agritech-platform,Frontend Development - Web,T097,Implement authentication and user management UI,Pending,Yes,,
001-fataplus-agritech-platform,Frontend Development - Web,T098,Build farm management dashboard,Pending,Yes,,
001-fataplus-agritech-platform,Frontend Development - Web,T099,Create context selection and configuration interface,Pending,Yes,,
001-fataplus-agritech-platform,Frontend Development - Web,T100,Develop responsive design for mobile and desktop,Pending,Yes,,
001-fataplus-agritech-platform,Frontend Development - Web,T101,Implement offline-first capabilities with PWA,Pending,Yes,,
001-fataplus-agritech-platform,Frontend Development - Web,T102,Build multi-language support with i18next,Pending,Yes,,
001-fataplus-agritech-platform,Frontend Development - Web,T103,Create data visualization components,Pending,Yes,,
001-fataplus-agritech-platform,Frontend Development - Web,T104,Implement real-time updates with WebSocket,Pending,Yes,,
001-fataplus-agritech-platform,Frontend Development - Web,T105,Build progressive disclosure for low-literacy users,Pending,Yes,,
001-fataplus-agritech-platform,Frontend Development - Mobile,T106,Set up React Native project with Expo,Pending,No,,
001-fataplus-agritech-platform,Frontend Development - Mobile,T107,Implement native authentication flows,Pending,Yes,,
001-fataplus-agritech-platform,Frontend Development - Mobile,T108,Build offline data synchronization,Pending,Yes,,
001-fataplus-agritech-platform,Frontend Development - Mobile,T109,Create camera integration for farm documentation,Pending,Yes,,
001-fataplus-agritech-platform,Frontend Development - Mobile,T110,Implement GPS location services,Pending,Yes,,
001-fataplus-agritech-platform,Frontend Development - Mobile,T111,Build SMS integration for alerts,Pending,Yes,,
001-fataplus-agritech-platform,Frontend Development - Mobile,T112,Create voice-based interfaces,Pending,Yes,,
001-fataplus-agritech-platform,Frontend Development - Mobile,T113,Implement biometric authentication,Pending,Yes,,
001-fataplus-agritech-platform,Frontend Development - Mobile,T114,Build mobile-optimized context interfaces,Pending,Yes,,
001-fataplus-agritech-platform,Integration & Testing,T115,Implement data synchronization between services,Pending,Yes,,
001-fataplus-agritech-platform,Integration & Testing,T116,Build API gateway with rate limiting and caching,Pending,Yes,,
001-fataplus-agritech-platform,Integration & Testing,T117,Create service mesh for inter-service communication,Pending,Yes,,
001-fataplus-agritech-platform,Integration & Testing,T118,Implement distributed tracing and monitoring,Pending,Yes,,
001-fataplus-agritech-platform,Integration & Testing,T119,Build comprehensive integration test suite,Pending,Yes,,
001-fataplus-agritech-platform,Integration & Testing,T120,Create end-to-end test scenarios from quickstart.md,Pending,Yes,,
001-fataplus-agritech-platform,Integration & Testing,T121,Implement performance testing and optimization,Pending,Yes,,
001-fataplus-agritech-platform,Integration & Testing,T122,Build load testing for 10k concurrent users,Pending,Yes,,
001-fataplus-agritech-platform,Integration & Testing,T123,Create chaos engineering tests for resilience,Pending,Yes,,
001-fataplus-agritech-platform,Integration & Testing,T124,Implement automated deployment pipelines,Pending,Yes,,
001-fataplus-agritech-platform,Mobile App RAG Implementation - RAG Service,T151,Integrate React Native RAG library into mobile app,Pending,Yes,,
001-fataplus-agritech-platform,Mobile App RAG Implementation - RAG Service,T152,Implement offline LLM inference with ExecuTorch,Pending,Yes,,
001-fataplus-agritech-platform,Mobile App RAG Implementation - RAG Service,T153,Add SQLite vector store persistence for knowledge base,Pending,Yes,,
001-fataplus-agritech-platform,Mobile App RAG Implementation - RAG Service,T154,Create RAG service for document management and retrieval,Pending,Yes,,
001-fataplus-agritech-platform,Mobile App RAG Implementation - RAG Service,T155,Build chat interface for LLM interaction,Pending,Yes,,
001-fataplus-agritech-platform,Mobile App RAG Implementation - Peer-to-Peer Sharing,T156,Implement QR code generation for local LLM sharing,Pending,Yes,,
001-fataplus-agritech-platform,Mobile App RAG Implementation - Peer-to-Peer Sharing,T157,Build hotspot connectivity functionality,Pending,Yes,,
001-fataplus-agritech-platform,Mobile App RAG Implementation - Peer-to-Peer Sharing,T158,Create connection interface for users to join technician's LLM,Pending,Yes,,
001-fataplus-agritech-platform,Mobile App RAG Implementation - Peer-to-Peer Sharing,T159,Implement chat session management between connected users,Pending,Yes,,
001-fataplus-agritech-platform,Mobile App RAG Implementation - Chat Traceability,T160,Add chat logging functionality for conversation history,Pending,Yes,,
001-fataplus-agritech-platform,Mobile App RAG Implementation - Chat Traceability,T161,Implement local storage of chat sessions using AsyncStorage,Pending,Yes,,
001-fataplus-agritech-platform,Mobile App RAG Implementation - Chat Traceability,T162,Create sync mechanism for chat logs when connectivity is available,Pending,Yes,,
001-fataplus-agritech-platform,Mobile App RAG Implementation - Chat Traceability,T163,Build chat history retrieval and display features,Pending,Yes,,
001-fataplus-agritech-platform,Mobile App RAG Implementation - Optimization,T164,Optimize for low-resource devices common in Madagascar,Pending,Yes,,
001-fataplus-agritech-platform,Mobile App RAG Implementation - Optimization,T165,Test offline functionality in simulated environments,Pending,Yes,,
001-fataplus-agritech-platform,Mobile App RAG Implementation - Optimization,T166,Validate peer-to-peer sharing and connectivity features,Pending,Yes,,
001-fataplus-agritech-platform,Mobile App RAG Implementation - Optimization,T167,Performance testing under various network conditions,Pending,Yes,,
001-fataplus-agritech-platform,AI Services Integration,T125,Set up AI service architecture with microservices,Pending,Yes,,
001-fataplus-agritech-platform,AI Services Integration,T126,Implement weather prediction AI models,Pending,Yes,,
001-fataplus-agritech-platform,AI Services Integration,T127,Build disease detection using computer vision,Pending,Yes,,
001-fataplus-agritech-platform,AI Services Integration,T128,Create market analysis and forecasting models,Pending,Yes,,
001-fataplus-agritech-platform,AI Services Integration,T129,Develop personalized recommendation engine,Pending,Yes,,
001-fataplus-agritech-platform,AI Services Integration,T130,Build natural language processing for queries,Pending,Yes,,
001-fataplus-agritech-platform,AI Services Integration,T131,Implement AI model versioning and A/B testing,Pending,Yes,,
001-fataplus-agritech-platform,AI Services Integration,T132,Create model monitoring and performance tracking,Pending,Yes,,
001-fataplus-agritech-platform,AI Services Integration,T133,Build offline AI model synchronization,Pending,Yes,,
001-fataplus-agritech-platform,Deployment & Production,T134,Set up production infrastructure in African regions,Pending,Yes,,
001-fataplus-agritech-platform,Deployment & Production,T135,Configure CDN and edge computing for low latency,Pending,Yes,,
001-fataplus-agritech-platform,Deployment & Production,T136,Implement blue-green deployment strategy,Pending,Yes,,
001-fataplus-agritech-platform,Deployment & Production,T137,Create database backup and recovery procedures,Pending,Yes,,
001-fataplus-agritech-platform,Deployment & Production,T138,Build production monitoring and alerting,Pending,Yes,,
001-fataplus-agritech-platform,Deployment & Production,T139,Implement security scanning and compliance checks,Pending,Yes,,
001-fataplus-agritech-platform,Deployment & Production,T140,Create production deployment pipelines,Pending,Yes,,
001-fataplus-agritech-platform,Deployment & Production,T141,Build capacity planning and auto-scaling,Pending,Yes,,
001-fataplus-agritech-platform,Deployment & Production,T142,Implement GDPR and local data protection compliance,Pending,Yes,,
001-fataplus-agritech-platform,Deployment & Production,T143,Create production support and incident response,Pending,Yes,,
001-fataplus-agritech-platform,Risk Mitigation,T144,Implement SMS fallback for all critical notifications,Pending,Yes,,
001-fataplus-agritech-platform,Risk Mitigation,T145,Build low-bandwidth optimization for rural areas,Pending,Yes,,
001-fataplus-agritech-platform,Risk Mitigation,T146,Create offline conflict resolution strategies,Pending,Yes,,
001-fataplus-agritech-platform,Risk Mitigation,T147,Develop local language processing capabilities,Pending,Yes,,
001-fataplus-agritech-platform,Risk Mitigation,T148,Build mobile money integration testing,Pending,Yes,,
001-fataplus-agritech-platform,Risk Mitigation,T149,Create battery optimization for feature phones,Pending,Yes,,
001-fataplus-agritech-platform,Risk Mitigation,T150,Implement data compression for slow connections,Pending,Yes,,
002-fataplus-design-system,Foundation Setup,DS-001,Design System Repository Setup,Planned,No,2
002-fataplus-design-system,Foundation Setup,DS-002,Storybook Documentation Setup,Planned,No,3
002-fataplus-design-system,Foundation Setup,DS-003,Testing Framework Setup,Planned,No,2
002-fataplus-design-system,Foundation Setup,DS-004,Design Token Architecture,Planned,No,4
002-fataplus-design-system,Core Component Migration,DS-005,Component Base Architecture,Planned,No,3
002-fataplus-design-system,Core Component Migration,DS-006,Enhanced Button Component,Planned,No,2
002-fataplus-design-system,Core Component Migration,DS-007,Form Component Library,Planned,No,5
002-fataplus-design-system,Core Component Migration,DS-008,Layout and Container Components,Planned,No,3
002-fataplus-design-system,Core Component Migration,DS-009,Navigation Component System,Planned,No,4
002-fataplus-design-system,Agricultural Specialization,DS-010,Crop Management Components,Planned,No,5
002-fataplus-design-system,Agricultural Specialization,DS-011,Livestock Management Components,Planned,No,4
002-fataplus-design-system,Agricultural Specialization,DS-012,Weather and Climate Components,Planned,No,4
002-fataplus-design-system,Agricultural Specialization,DS-013,Market and Financial Components,Planned,No,4
002-fataplus-design-system,Cultural Adaptation,DS-014,Internationalization Framework,Planned,No,5
002-fataplus-design-system,Cultural Adaptation,DS-015,African Agricultural Icon System,Planned,No,4
002-fataplus-design-system,Cultural Adaptation,DS-016,Cultural Theme Variants,Planned,No,3
002-fataplus-design-system,Testing and Quality Assurance,DS-017,Comprehensive Accessibility Testing,Planned,No,6
002-fataplus-design-system,Testing and Quality Assurance,DS-018,Mobile Performance Optimization,Planned,No,4
002-fataplus-design-system,Testing and Quality Assurance,DS-019,Browser Compatibility Validation,Planned,No,3
002-fataplus-design-system,Integration and Documentation,DS-020,Fataplus Web Application Integration,Planned,No,5
002-fataplus-design-system,Integration and Documentation,DS-021,Comprehensive Developer Guide,Planned,No,4
002-fataplus-design-system,Integration and Documentation,DS-022,Design System Guidelines,Planned,No,3
002-fataplus-design-system,Integration and Documentation,DS-023,Team Training and Onboarding,Planned,No,3
003-fataplus-mcp,MCP Foundation,MCP-001,Fataplus MCP Project Setup,Planned,No,3
003-fataplus-mcp,MCP Foundation,MCP-002,MCP Authentication and Authorization,Planned,No,2
003-fataplus-mcp,MCP Foundation,MCP-003,Design System Data Integration,Planned,No,4
003-fataplus-mcp,MCP Foundation,MCP-004,Core MCP Request Handlers,Planned,No,3
003-fataplus-mcp,Agricultural Intelligence,MCP-005,Agricultural Data Foundation,Planned,No,5
003-fataplus-mcp,Agricultural Intelligence,MCP-006,Agricultural Context Understanding,Planned,No,6
003-fataplus-mcp,Agricultural Intelligence,MCP-007,Intelligent Component Recommendations,Planned,No,5
003-fataplus-mcp,Agricultural Intelligence,MCP-008,Cultural Intelligence Integration,Planned,No,4
003-fataplus-mcp,Advanced MCP Handlers,MCP-009,Component Recommendation MCP Handler,Planned,No,3
003-fataplus-mcp,Advanced MCP Handlers,MCP-010,Agricultural Context Analysis Handler,Planned,No,4
003-fataplus-mcp,Advanced MCP Handlers,MCP-011,Cultural Adaptation MCP Handler,Planned,No,3
003-fataplus-mcp,Advanced MCP Handlers,MCP-012,AI-Powered Code Generation,Planned,No,5
003-fataplus-mcp,Documentation and Accessibility,MCP-013,Dynamic Documentation Generation,Planned,No,4
003-fataplus-mcp,Documentation and Accessibility,MCP-014,Automated Accessibility Analysis,Planned,No,4
003-fataplus-mcp,Documentation and Accessibility,MCP-015,Agricultural UI Pattern Detection,Planned,No,5
003-fataplus-mcp,Documentation and Accessibility,MCP-016,Design System Validation,Planned,No,3
003-fataplus-mcp,Performance and Integration,MCP-017,MCP Server Performance Optimization,Planned,No,4
003-fataplus-mcp,Performance and Integration,MCP-018,Development Tool Integration,Planned,No,6
003-fataplus-mcp,Performance and Integration,MCP-019,MCP Server Monitoring and Analytics,Planned,No,3
003-fataplus-mcp,Performance and Integration,MCP-020,Production Security Implementation,Planned,No,3
003-fataplus-mcp,Production Deployment,MCP-021,Containerization and Deployment,Planned,No,2
003-fataplus-mcp,Production Deployment,MCP-022,Continuous Integration and Deployment,Planned,No,3
003-fataplus-mcp,Production Deployment,MCP-023,Comprehensive API Documentation,Planned,No,4
003-fataplus-mcp,Production Deployment,MCP-024,End-to-End Testing and Validation,Planned,No,5
004-fataplus-search-analysis,Foundation,T1.1,Project Setup,Planned,No,
004-fataplus-search-analysis,Foundation,T1.2,Search Engine Architecture,Planned,No,
004-fataplus-search-analysis,Foundation,T1.3,Web Crawling Framework,Planned,No,
004-fataplus-search-analysis,Foundation,T1.4,Data Source Integration,Planned,No,
004-fataplus-search-analysis,Core Search Features,T2.1,Semantic Search,Planned,No,
004-fataplus-search-analysis,Core Search Features,T2.2,Source Credibility Scoring,Planned,No,
004-fataplus-search-analysis,Core Search Features,T2.3,Search Interface,Planned,No,
004-fataplus-search-analysis,Core Search Features,T2.4,Basic Analysis Features,Planned,No,
004-fataplus-search-analysis,AI Analysis Enhancement,T3.1,Advanced LLM Integration,Planned,No,
004-fataplus-search-analysis,AI Analysis Enhancement,T3.2,Trend Analysis Engine,Planned,No,
004-fataplus-search-analysis,AI Analysis Enhancement,T3.3,Market Intelligence,Planned,No,
004-fataplus-search-analysis,AI Analysis Enhancement,T3.4,Content Synthesis,Planned,No,
004-fataplus-search-analysis,Automation Foundation,T4.1,n8n Integration Setup,Planned,No,
004-fataplus-search-analysis,Automation Foundation,T4.2,Visual Workflow Builder,Planned,No,
004-fataplus-search-analysis,Automation Foundation,T4.3,Alert and Notification System,Planned,No,
004-fataplus-search-analysis,Automation Foundation,T4.4,Performance Optimization,Planned,No,
004-fataplus-search-analysis,Enhancement,T5.1,Predictive Analytics,Planned,No,
004-fataplus-search-analysis,Enhancement,T5.2,Collaborative Features,Planned,No,
004-fataplus-search-analysis,Enhancement,T5.3,API and Integration,Planned,No,
004-fataplus-search-analysis,Enhancement,T5.4,Regulatory Monitoring,Planned,No,
004-fataplus-search-analysis,Enterprise Features,T6.1,User Management System,Planned,No,
004-fataplus-search-analysis,Enterprise Features,T6.2,Data Privacy and Security,Planned,No,
004-fataplus-search-analysis,Enterprise Features,T6.3,Custom Workflows,Planned,No,
004-fataplus-search-analysis,Enterprise Features,T6.4,Advanced Reporting,Planned,No,
004-fataplus-search-analysis,Scaling and Performance,T7.1,Global Infrastructure,Planned,No,
004-fataplus-search-analysis,Scaling and Performance,T7.2,High Availability,Planned,No,
004-fataplus-search-analysis,Scaling and Performance,T7.3,Cost Optimization,Planned,No,
004-fataplus-search-analysis,Scaling and Performance,T7.4,Performance Monitoring,Planned,No,
004-fataplus-search-analysis,Beta Launch Preparation,T8.1,Beta Testing Framework,Planned,No,
004-fataplus-search-analysis,Beta Launch Preparation,T8.2,Documentation and Training,Planned,No,
004-fataplus-search-analysis,Beta Launch Preparation,T8.3,Launch Preparation,Planned,No,
004-fataplus-search-analysis,Beta Launch Preparation,T8.4,Success Metrics Setup,Planned,No,
004-fataplus-search-analysis,Advanced Enterprise Features,T9.1,White-label Solutions,Planned,No,
004-fataplus-search-analysis,Advanced Enterprise Features,T9.2,Advanced Analytics,Planned,No,
004-fataplus-search-analysis,Advanced Enterprise Features,T9.3,Compliance and Audit,Planned,No,
004-fataplus-search-analysis,Advanced Enterprise Features,T9.4,API Marketplace,Planned,No,
004-fataplus-search-analysis,Global Expansion,T10.1,Multi-language Support,Planned,No,
004-fataplus-search-analysis,Global Expansion,T10.2,Regional Customization,Planned,No,
004-fataplus-search-analysis,Global Expansion,T10.3,International Partnerships,Planned,No,
004-fataplus-search-analysis,Global Expansion,T10.4,Global Support Infrastructure,Planned,No,
004-fataplus-search-analysis,Innovation and AI Advancement,T11.1,Advanced AI Models,Planned,No,
004-fataplus-search-analysis,Innovation and AI Advancement,T11.2,Research Integration,Planned,No,
004-fataplus-search-analysis,Innovation and AI Advancement,T11.3,Industry 4.0 Integration,Planned,No,
004-fataplus-search-analysis,Innovation and AI Advancement,T11.4,Sustainability Analytics,Planned,No,
004-fataplus-search-analysis,Final Optimization and Launch,T12.1,Performance Finalization,Planned,No,
004-fataplus-search-analysis,Final Optimization and Launch,T12.2,Security Hardening,Planned,No,
004-fataplus-search-analysis,Final Optimization and Launch,T12.3,Full Launch Preparation,Planned,No,
004-fataplus-search-analysis,Final Optimization and Launch,T12.4,Continuous Improvement,Planned,No,
005-fataplus-context-api,Foundation,T1.1,Repository Setup,Planned,No,
005-fataplus-context-api,Foundation,T1.2,API Architecture Design,Planned,No,
005-fataplus-context-api,Foundation,T1.3,Core Infrastructure,Planned,No,
005-fataplus-context-api,Foundation,T1.4,Authentication System,Planned,No,
005-fataplus-context-api,Core API Development,T2.1,Basic CRUD Operations,Planned,No,
005-fataplus-context-api,Core API Development,T2.2,Context Retrieval System,Planned,No,
005-fataplus-context-api,Core API Development,T2.3,Database Optimization,Planned,No,
005-fataplus-context-api,Core API Development,T2.4,Basic Testing Framework,Planned,No,
005-fataplus-context-api,Knowledge Base Setup,T3.1,Knowledge Base Schema,Planned,No,
005-fataplus-context-api,Knowledge Base Setup,T3.2,Content Ingestion Pipeline,Planned,No,
005-fataplus-context-api,Knowledge Base Setup,T3.3,Initial Content Population,Planned,No,
005-fataplus-context-api,Knowledge Base Setup,T3.4,Search and Retrieval,Planned,No,
005-fataplus-context-api,Basic Context API,T4.1,API Documentation,Planned,No,
005-fataplus-context-api,Basic Context API,T4.2,System Prompt Generation,Planned,No,
005-fataplus-context-api,Basic Context API,T4.3,Performance Optimization,Planned,No,
005-fataplus-context-api,Basic Context API,T4.4,Monitoring and Logging,Planned,No,
005-fataplus-context-api,Advanced NLP Features,T5.1,Semantic Search,Planned,No,
005-fataplus-context-api,Advanced NLP Features,T5.2,Entity Recognition,Planned,No,
005-fataplus-context-api,Advanced NLP Features,T5.3,Content Summarization,Planned,No,
005-fataplus-context-api,Advanced NLP Features,T5.4,Topic Modeling,Planned,No,
005-fataplus-context-api,LLM Integration,T6.1,Multi-Provider Integration,Planned,No,
005-fataplus-context-api,LLM Integration,T6.2,Prompt Engineering,Planned,No,
005-fataplus-context-api,LLM Integration,T6.3,Context-Aware Generation,Planned,No,
005-fataplus-context-api,LLM Integration,T6.4,Quality Validation,Planned,No,
005-fataplus-context-api,Multi-language Support,T7.1,Translation Services,Planned,No,
005-fataplus-context-api,Multi-language Support,T7.2,Language-Specific Knowledge,Planned,No,
005-fataplus-context-api,Multi-language Support,T7.3,Language Detection,Planned,No,
005-fataplus-context-api,Multi-language Support,T7.4,RTL Language Support,Planned,No,
005-fataplus-context-api,Performance & Monitoring,T8.1,Advanced Caching,Planned,No,
005-fataplus-context-api,Performance & Monitoring,T8.2,Database Optimization,Planned,No,
005-fataplus-context-api,Performance & Monitoring,T8.3,Load Balancing,Planned,No,
005-fataplus-context-api,Performance & Monitoring,T8.4,Advanced Monitoring,Planned,No,
005-fataplus-context-api,Advanced Analytics,T9.1,Usage Analytics,Planned,No,
005-fataplus-context-api,Advanced Analytics,T9.2,Performance Analytics,Planned,No,
005-fataplus-context-api,Advanced Analytics,T9.3,Business Intelligence,Planned,No,
005-fataplus-context-api,Advanced Analytics,T9.4,Custom Reporting,Planned,No,
005-fataplus-context-api,Enterprise Features,T10.1,Custom Knowledge Bases,Planned,No,
005-fataplus-context-api,Enterprise Features,T10.2,White-label Solutions,Planned,No,
005-fataplus-context-api,Enterprise Features,T10.3,Team Management,Planned,No,
005-fataplus-context-api,Enterprise Features,T10.4,Advanced Security,Planned,No,
005-fataplus-context-api,API Ecosystem,T11.1,SDK Development,Planned,No,
005-fataplus-context-api,API Ecosystem,T11.2,Integration Examples,Planned,No,
005-fataplus-context-api,API Ecosystem,T11.3,Webhook System,Planned,No,
005-fataplus-context-api,API Ecosystem,T11.4,Developer Community,Planned,No,
005-fataplus-context-api,Scaling & Optimization,T12.1,Global Infrastructure,Planned,No,
005-fataplus-context-api,Scaling & Optimization,T12.2,Cost Optimization,Planned,No,
005-fataplus-context-api,Scaling & Optimization,T12.3,Disaster Recovery,Planned,No,
005-fataplus-context-api,Scaling & Optimization,T12.4,Final Testing & Launch,Planned,No,
006-agribot-space,Foundation Setup,AB-001,AgriBot.space Next.js Project Setup,Planned,No,3
006-agribot-space,Foundation Setup,AB-002,Keycloak Authentication Integration,Planned,No,4
006-agribot-space,Foundation Setup,AB-003,Real-time Chat Interface Development,Planned,No,5
006-agribot-space,Foundation Setup,AB-004,MCP Client Implementation,Planned,No,6
006-agribot-space,Core Features Development,AB-005,User Tier Management,Planned,No,4
006-agribot-space,Core Features Development,AB-006,Agricultural Prompt Library Development,Planned,No,5
006-agribot-space,Core Features Development,AB-007,Context-Aware AI Response Engine,Planned,No,7
006-agribot-space,Core Features Development,AB-008,Stripe Payment Processing,Planned,No,5
006-agribot-space,Core Features Development,AB-009,Mobile-First Experience Optimization,Planned,No,4
006-agribot-space,Educational Features,AB-010,AI-Guided Courses,Planned,No,8
006-agribot-space,Educational Features,AB-011,Knowledge Assessment and Certification,Planned,No,6
006-agribot-space,Educational Features,AB-012,Human Expert Consultation Booking,Planned,No,7
006-agribot-space,Educational Features,AB-013,Farmer Community Platform,Planned,No,6
006-agribot-space,Advanced Analytics,AB-014,Comprehensive User Analytics Implementation,Planned,No,5
006-agribot-space,Advanced Analytics,AB-015,AI Quality Assurance System,Planned,No,6
006-agribot-space,Advanced Analytics,AB-016,Admin Business Intelligence Interface,Planned,No,4
006-agribot-space,Internationalization,AB-017,Comprehensive Internationalization Implementation,Planned,No,6
006-agribot-space,Internationalization,AB-018,Cultural and Regional Content Customization,Planned,No,5
006-agribot-space,Internationalization,AB-019,African Payment Methods Integration,Planned,No,7
006-agribot-space,Performance Optimization,AB-020,Application Performance Optimization,Planned,No,4
006-agribot-space,Performance Optimization,AB-021,Intelligent Caching Implementation,Planned,No,3
006-agribot-space,Performance Optimization,AB-022,Infrastructure Scalability Implementation,Planned,No,5
006-agribot-space,Testing and Quality Assurance,AB-023,End-to-End Testing Implementation,Planned,No,6
006-agribot-space,Testing and Quality Assurance,AB-024,Security Vulnerability Assessment,Planned,No,4
006-agribot-space,Testing and Quality Assurance,AB-025,Beta User Testing Program,Planned,No,5
006-agribot-space,Launch Preparation,AB-026,Production Environment Setup and Deployment,Planned,No,3
006-agribot-space,Launch Preparation,AB-027,Initial Content Library Population,Planned,No,4
006-agribot-space,Launch Preparation,AB-028,Marketing Campaign and Community Outreach,Planned,No,3
007-fataplus-product-design-bootcamp,Platform Architecture Setup,DB-001,Set up Next.js project with TypeScript configuration,Planned,No,2
007-fataplus-product-design-bootcamp,Platform Architecture Setup,DB-002,Configure Strapi CMS for content management,Planned,No,3
007-fataplus-product-design-bootcamp,Platform Architecture Setup,DB-003,Implement user authentication integration with Fataplus Keycloak,Planned,No,4
007-fataplus-product-design-bootcamp,Platform Architecture Setup,DB-004,Design and implement database schema (PostgreSQL),Planned,No,3
007-fataplus-product-design-bootcamp,Platform Architecture Setup,DB-005,Create API endpoints for course management,Planned,Yes,2
007-fataplus-product-design-bootcamp,Platform Architecture Setup,DB-006,Set up Cloudflare Stream integration for video hosting,Planned,Yes,2
007-fataplus-product-design-bootcamp,Platform Architecture Setup,DB-007,Implement user enrollment and profile management system,Planned,Yes,3
007-fataplus-product-design-bootcamp,Platform Architecture Setup,DB-008,Build basic progress tracking infrastructure,Planned,Yes,2
007-fataplus-product-design-bootcamp,DevOps & Infrastructure,DB-009,Set up development environment with Docker containers,Planned,Yes,2
007-fataplus-product-design-bootcamp,DevOps & Infrastructure,DB-010,Configure CI/CD pipeline for automated deployments,Planned,Yes,3
007-fataplus-product-design-bootcamp,DevOps & Infrastructure,DB-011,Set up monitoring and logging infrastructure,Planned,Yes,2
007-fataplus-product-design-bootcamp,DevOps & Infrastructure,DB-012,Configure backup and disaster recovery systems,Planned,No,2
007-fataplus-product-design-bootcamp,DevOps & Infrastructure,DB-013,Set up staging and production environments,Planned,Yes,3
007-fataplus-product-design-bootcamp,DevOps & Infrastructure,DB-014,Implement security headers and SSL configuration,Planned,Yes,1
007-fataplus-product-design-bootcamp,Core UI Components,DB-015,Create responsive layout system for educational content,Planned,Yes,3
007-fataplus-product-design-bootcamp,Core UI Components,DB-016,Build course catalog component with filtering and search,Planned,Yes,2
007-fataplus-product-design-bootcamp,Core UI Components,DB-017,Develop user dashboard with progress visualization,Planned,Yes,3
007-fataplus-product-design-bootcamp,Core UI Components,DB-018,Implement video player with interactive controls,Planned,Yes,2
007-fataplus-product-design-bootcamp,Core UI Components,DB-019,Create lesson content renderer with markdown support,Planned,Yes,2
007-fataplus-product-design-bootcamp,Core UI Components,DB-020,Build quiz and assessment interface components,Planned,Yes,3
007-fataplus-product-design-bootcamp,Core UI Components,DB-021,Develop mobile-optimized navigation and layouts,Planned,Yes,2
007-fataplus-product-design-bootcamp,Design System,DB-022,Create component library for educational interfaces,Planned,Yes,4
007-fataplus-product-design-bootcamp,Design System,DB-023,Implement accessibility features (WCAG 2.1 AA compliance),Planned,Yes,3
007-fataplus-product-design-bootcamp,Design System,DB-024,Design loading states and error handling interfaces,Planned,Yes,2
007-fataplus-product-design-bootcamp,Design System,DB-025,Create responsive breakpoints for various devices,Planned,Yes,2
007-fataplus-product-design-bootcamp,Design System,DB-026,Develop dark/light theme system,Planned,Yes,2
007-fataplus-product-design-bootcamp,Design System,DB-027,Build icon system for agricultural and design contexts,Planned,Yes,2
007-fataplus-product-design-bootcamp,Design Fundamentals Module,DB-028,Write 'Design Thinking for Agriculture' lesson content,Planned,No,5
007-fataplus-product-design-bootcamp,Design Fundamentals Module,DB-029,Create user research methodology tutorials,Planned,Yes,4
007-fataplus-product-design-bootcamp,Design Fundamentals Module,DB-030,Develop visual design principles workshop,Planned,Yes,4
007-fataplus-product-design-bootcamp,Design Fundamentals Module,DB-031,Build information architecture case studies,Planned,Yes,3
007-fataplus-product-design-bootcamp,Design Fundamentals Module,DB-032,Create accessibility guidelines for rural users,Planned,Yes,3
007-fataplus-product-design-bootcamp,Design Fundamentals Module,DB-033,Develop practical exercises for each lesson,Planned,Yes,4
007-fataplus-product-design-bootcamp,Interactive Elements,DB-034,Build interactive design thinking canvas,Planned,Yes,3
007-fataplus-product-design-bootcamp,Interactive Elements,DB-035,Create user research template generator,Planned,Yes,2
007-fataplus-product-design-bootcamp,Interactive Elements,DB-036,Develop color theory interactive tool,Planned,Yes,3
007-fataplus-product-design-bootcamp,Interactive Elements,DB-037,Build typography selection interface,Planned,Yes,2
007-fataplus-product-design-bootcamp,Interactive Elements,DB-038,Create layout composition challenges,Planned,Yes,3
007-fataplus-product-design-bootcamp,Interactive Elements,DB-039,Develop accessibility testing tools,Planned,Yes,3
007-fataplus-product-design-bootcamp,Agricultural Technology Module,DB-040,Research and document farm management UX patterns,Planned,No,4
007-fataplus-product-design-bootcamp,Agricultural Technology Module,DB-041,Create agricultural data visualization guidelines,Planned,Yes,4
007-fataplus-product-design-bootcamp,Agricultural Technology Module,DB-042,Develop mobile interface patterns for farmers,Planned,Yes,3
007-fataplus-product-design-bootcamp,Agricultural Technology Module,DB-043,Design IoT device interaction principles,Planned,Yes,3
007-fataplus-product-design-bootcamp,Agricultural Technology Module,DB-044,Build marketplace platform design system,Planned,Yes,4
007-fataplus-product-design-bootcamp,Agricultural Technology Module,DB-045,Create case studies of successful agricultural apps,Planned,Yes,3
007-fataplus-product-design-bootcamp,Design Tools Integration,DB-046,Create Figma templates for agricultural interfaces,Planned,Yes,4
007-fataplus-product-design-bootcamp,Design Tools Integration,DB-047,Build design pattern libraries,Planned,Yes,3
007-fataplus-product-design-bootcamp,Design Tools Integration,DB-048,Develop component kits for common agricultural scenarios,Planned,Yes,3
007-fataplus-product-design-bootcamp,Design Tools Integration,DB-049,Create wireframe templates for farm management,Planned,Yes,2
007-fataplus-product-design-bootcamp,Design Tools Integration,DB-050,Build prototyping templates for mobile agricultural apps,Planned,Yes,3
007-fataplus-product-design-bootcamp,Design Tools Integration,DB-051,Develop design system documentation,Planned,Yes,2
007-fataplus-product-design-bootcamp,Advanced Skills Module,DB-052,Create prototyping methodologies for agricultural solutions,Planned,Yes,4
007-fataplus-product-design-bootcamp,Advanced Skills Module,DB-053,Develop user testing protocols for rural environments,Planned,Yes,3
007-fataplus-product-design-bootcamp,Advanced Skills Module,DB-054,Build design systems creation workshop,Planned,Yes,4
007-fataplus-product-design-bootcamp,Advanced Skills Module,DB-055,Design service blueprint templates for value chains,Planned,Yes,3
007-fataplus-product-design-bootcamp,Advanced Skills Module,DB-056,Create sustainable design practices module,Planned,Yes,3
007-fataplus-product-design-bootcamp,Advanced Skills Module,DB-057,Develop portfolio development framework,Planned,Yes,3
007-fataplus-product-design-bootcamp,Assessment Development,DB-058,Create rubric-based evaluation system,Planned,Yes,4
007-fataplus-product-design-bootcamp,Assessment Development,DB-059,Build peer review interfaces,Planned,Yes,3
007-fataplus-product-design-bootcamp,Assessment Development,DB-060,Develop automated design feedback tools,Planned,Yes,5
007-fataplus-product-design-bootcamp,Assessment Development,DB-061,Create portfolio assessment criteria,Planned,Yes,3
007-fataplus-product-design-bootcamp,Assessment Development,DB-062,Build industry project evaluation framework,Planned,Yes,3
007-fataplus-product-design-bootcamp,Real-Time Collaboration,DB-063,Implement WebSocket infrastructure for live collaboration,Planned,Yes,4
007-fataplus-product-design-bootcamp,Real-Time Collaboration,DB-064,Build collaborative design canvas,Planned,Yes,5
007-fataplus-product-design-bootcamp,Real-Time Collaboration,DB-065,Create real-time commenting system,Planned,Yes,3
007-fataplus-product-design-bootcamp,Real-Time Collaboration,DB-066,Develop version control for design files,Planned,Yes,4
007-fataplus-product-design-bootcamp,Real-Time Collaboration,DB-067,Build screen sharing and video conferencing,Planned,Yes,4
007-fataplus-product-design-bootcamp,Real-Time Collaboration,DB-068,Implement collaborative whiteboarding tools,Planned,Yes,3
007-fataplus-product-design-bootcamp,Figma Integration,DB-069,Build Figma API authentication system,Planned,Yes,3
007-fataplus-product-design-bootcamp,Figma Integration,DB-070,Create design file import/export functionality,Planned,Yes,4
007-fataplus-product-design-bootcamp,Figma Integration,DB-071,Develop collaborative editing interfaces,Planned,Yes,4
007-fataplus-product-design-bootcamp,Figma Integration,DB-072,Build design review and approval workflows,Planned,Yes,3
007-fataplus-product-design-bootcamp,Figma Integration,DB-073,Create template sharing system,Planned,Yes,2
007-fataplus-product-design-bootcamp,Figma Integration,DB-074,Implement design asset management,Planned,Yes,3
007-fataplus-product-design-bootcamp,AI-Powered Assessment,DB-075,Build automated design review algorithms,Planned,Yes,6
007-fataplus-product-design-bootcamp,AI-Powered Assessment,DB-076,Create machine learning models for design evaluation,Planned,Yes,8
007-fataplus-product-design-bootcamp,AI-Powered Assessment,DB-077,Develop natural language feedback generation,Planned,Yes,4
007-fataplus-product-design-bootcamp,AI-Powered Assessment,DB-078,Build design quality scoring systems,Planned,Yes,4
007-fataplus-product-design-bootcamp,AI-Powered Assessment,DB-079,Create plagiarism detection for design work,Planned,Yes,3
007-fataplus-product-design-bootcamp,AI-Powered Assessment,DB-080,Develop personalized learning recommendations,Planned,Yes,4
007-fataplus-product-design-bootcamp,Blockchain Certification,DB-081,Implement blockchain certificate generation,Planned,Yes,5
007-fataplus-product-design-bootcamp,Blockchain Certification,DB-082,Build certificate verification system,Planned,Yes,3
007-fataplus-product-design-bootcamp,Blockchain Certification,DB-083,Create industry partner validation network,Planned,Yes,4
007-fataplus-product-design-bootcamp,Blockchain Certification,DB-084,Develop alumni credential management,Planned,Yes,3
007-fataplus-product-design-bootcamp,Blockchain Certification,DB-085,Build employer verification portal,Planned,Yes,3
007-fataplus-product-design-bootcamp,Blockchain Certification,DB-086,Create certificate revocation and updating system,Planned,Yes,2
007-fataplus-product-design-bootcamp,Forum Integration,DB-087,Set up Discourse forum infrastructure,Planned,Yes,3
007-fataplus-product-design-bootcamp,Forum Integration,DB-088,Create category structure for design discussions,Planned,Yes,2
007-fataplus-product-design-bootcamp,Forum Integration,DB-089,Build moderation and community management tools,Planned,Yes,3
007-fataplus-product-design-bootcamp,Forum Integration,DB-090,Develop reputation and badge systems,Planned,Yes,3
007-fataplus-product-design-bootcamp,Forum Integration,DB-091,Create mentorship matching algorithms,Planned,Yes,4
007-fataplus-product-design-bootcamp,Forum Integration,DB-092,Build event and workshop management,Planned,Yes,3
007-fataplus-product-design-bootcamp,Networking Features,DB-093,Build alumni directory with search and filtering,Planned,Yes,4
007-fataplus-product-design-bootcamp,Networking Features,DB-094,Create industry partner showcase pages,Planned,Yes,3
007-fataplus-product-design-bootcamp,Networking Features,DB-095,Develop job posting and application system,Planned,Yes,4
007-fataplus-product-design-bootcamp,Networking Features,DB-096,Build mentorship request and matching system,Planned,Yes,3
007-fataplus-product-design-bootcamp,Networking Features,DB-097,Create virtual networking event platform,Planned,Yes,4
007-fataplus-product-design-bootcamp,Networking Features,DB-098,Develop collaboration project matching,Planned,Yes,3
007-fataplus-product-design-bootcamp,Comprehensive Testing,DB-099,Conduct end-to-end functionality testing,Planned,No,5
007-fataplus-product-design-bootcamp,Comprehensive Testing,DB-100,Perform cross-browser compatibility testing,Planned,Yes,3
007-fataplus-product-design-bootcamp,Comprehensive Testing,DB-101,Test mobile responsiveness across devices,Planned,Yes,3
007-fataplus-product-design-bootcamp,Comprehensive Testing,DB-102,Conduct accessibility audit (WCAG 2.1 AA),Planned,No,4
007-fataplus-product-design-bootcamp,Comprehensive Testing,DB-103,Perform load testing for concurrent users,Planned,Yes,3
007-fataplus-product-design-bootcamp,Comprehensive Testing,DB-104,Test offline functionality and sync,Planned,Yes,2
007-fataplus-product-design-bootcamp,User Experience Research,DB-105,Conduct usability testing with target users,Planned,No,4
007-fataplus-product-design-bootcamp,User Experience Research,DB-106,Perform A/B testing for key conversion points,Planned,Yes,3
007-fataplus-product-design-bootcamp,User Experience Research,DB-107,Gather feedback on course content and structure,Planned,Yes,3
007-fataplus-product-design-bootcamp,User Experience Research,DB-108,Test platform performance in rural connectivity,Planned,Yes,3
007-fataplus-product-design-bootcamp,User Experience Research,DB-109,Validate cultural appropriateness of content,Planned,Yes,3
007-fataplus-product-design-bootcamp,User Experience Research,DB-110,Assess learning effectiveness through user studies,Planned,Yes,4
007-fataplus-product-design-bootcamp,Multi-Language Support,DB-111,Translate all content to French,Planned,Yes,6
007-fataplus-product-design-bootcamp,Multi-Language Support,DB-112,Translate all content to Swahili,Planned,Yes,6
007-fataplus-product-design-bootcamp,Multi-Language Support,DB-113,Translate all content to Arabic,Planned,Yes,6
007-fataplus-product-design-bootcamp,Multi-Language Support,DB-114,Translate all content to Portuguese,Planned,Yes,6
007-fataplus-product-design-bootcamp,Multi-Language Support,DB-115,Create region-specific content variations,Planned,Yes,4
007-fataplus-product-design-bootcamp,Multi-Language Support,DB-116,Develop localization testing procedures,Planned,Yes,3
007-fataplus-product-design-bootcamp,Cultural Adaptation,DB-117,Review content for cultural sensitivity,Planned,Yes,4
007-fataplus-product-design-bootcamp,Cultural Adaptation,DB-118,Adapt examples for different African contexts,Planned,Yes,4
007-fataplus-product-design-bootcamp,Cultural Adaptation,DB-119,Validate agricultural terminology accuracy,Planned,Yes,3
007-fataplus-product-design-bootcamp,Cultural Adaptation,DB-120,Create culturally appropriate assessment methods,Planned,Yes,3
007-fataplus-product-design-bootcamp,Cultural Adaptation,DB-121,Develop region-specific case studies,Planned,Yes,4
007-fataplus-product-design-bootcamp,Cultural Adaptation,DB-122,Build cultural adaptation guidelines,Planned,Yes,2
007-fataplus-product-design-bootcamp,Launch Preparation,DB-123,Create comprehensive marketing strategy,Planned,No,4
007-fataplus-product-design-bootcamp,Launch Preparation,DB-124,Build promotional website and landing pages,Planned,Yes,3
007-fataplus-product-design-bootcamp,Launch Preparation,DB-125,Develop social media content and campaigns,Planned,Yes,3
007-fataplus-product-design-bootcamp,Launch Preparation,DB-126,Create email marketing automation,Planned,Yes,2
007-fataplus-product-design-bootcamp,Launch Preparation,DB-127,Build partnership outreach materials,Planned,Yes,3
007-fataplus-product-design-bootcamp,Launch Preparation,DB-128,Develop scholarship and financial aid programs,Planned,Yes,3
007-fataplus-product-design-bootcamp,Community Building,DB-129,Establish beta testing community,Planned,Yes,3
007-fataplus-product-design-bootcamp,Community Building,DB-130,Build social media presence and engagement,Planned,Yes,3
007-fataplus-product-design-bootcamp,Community Building,DB-131,Create content marketing calendar,Planned,Yes,2
007-fataplus-product-design-bootcamp,Community Building,DB-132,Develop referral and affiliate programs,Planned,Yes,2
007-fataplus-product-design-bootcamp,Community Building,DB-133,Build industry partnership network,Planned,Yes,4
007-fataplus-product-design-bootcamp,Community Building,DB-134,Create launch event series and webinars,Planned,Yes,3